config,steps,wall_time_sec,delta_f90_steps,energy_final,run_id
default,60,0.0020430999575182796,22,-0.00039486751471937316,dev_run
analytic,60,0.0015538999577984214,22,-0.0003854903513545397,dev_run
vect,60,0.0017137000104412436,9,-0.0025074874370746604,dev_run
coord,60,0.0006640000501647592,5,0.06666600577154175,dev_run
adaptive,60,0.004767899983562529,26,-0.002333970079022663,dev_run
